{"cameraMode":{"drawMode":0,"name":"Shaded","section":"Shading Mode"},"sceneLighting":true,"audioPlay":false,"sceneViewState":{"showFog":true,"showMaterialUpdate":false,"showSkybox":true,"showFlares":true,"showImageEffects":true,"showParticleSystems":true},"in2DMode":false,"pivot":{"x":-43.9662971496582,"y":10.756580352783204,"z":13.47575855255127},"rotation":{"x":-0.03219224885106087,"y":0.724936842918396,"z":-0.033958788961172107,"w":-0.6872246265411377},"size":48.070960998535159,"orthographic":false}