{"cameraMode":{"drawMode":0,"name":"Shaded","section":"Shading Mode"},"sceneLighting":true,"audioPlay":false,"sceneViewState":{"showFog":true,"showMaterialUpdate":false,"showSkybox":true,"showFlares":true,"showImageEffects":true,"showParticleSystems":true},"in2DMode":false,"pivot":{"x":34.577571868896487,"y":20.307241439819337,"z":-17.634014129638673},"rotation":{"x":0.013682888820767403,"y":-0.9621529579162598,"z":0.26783692836761477,"w":0.049090467393398288},"size":154.0477294921875,"orthographic":false}