{"cameraMode":{"drawMode":0,"name":"Shaded","section":"Shading Mode"},"sceneLighting":true,"audioPlay":false,"sceneViewState":{"showFog":true,"showMaterialUpdate":false,"showSkybox":true,"showFlares":true,"showImageEffects":true,"showParticleSystems":true},"in2DMode":false,"pivot":{"x":7.762554168701172,"y":13.352837562561036,"z":-6.261228561401367},"rotation":{"x":-0.01851997710764408,"y":0.9811640977859497,"z":-0.14828719198703767,"w":-0.12249397486448288},"size":36.350135803222659,"orthographic":false}